tipo medio,nombre
Periodismo Digital Independiente,La Otra Diaria
Periodismo Digital Independiente,Aurora del Nuevo Chile
Periodismo Digital Independiente,Feministas Informadas
Periodismo Digital Independiente,Mujeres en el Medio
Medio Digital,Revista Futfem
Medio Digital,Feministas Hoy
Medio Digital,Canal Autónoma Feminista
Medio Digital,La Voz de los que Sobran
Medio Digital,ContraGolpe
Programa Radial,Agenda de Género
Programa Radial,Inquietas
Programa Radial,Radio Kurruf
Podcast,Todas en Acción
Difusión,La Resistencia Maipú
Difusión,Las Terrible Jugosas
